product,issue,complaint_count
Credit reporting or other personal consumer reports,Incorrect information on your report,4185700
Credit reporting or other personal consumer reports,Improper use of your report,1919581
Credit reporting or other personal consumer reports,Problem with a company's investigation into an existing problem,1396144
Debt collection,Attempts to collect debt not owed,218988
"Credit reporting, credit repair services, or other personal consumer reports",Incorrect information on your report,212978
"Credit reporting, credit repair services, or other personal consumer reports",Improper use of your report,181157
"Credit reporting, credit repair services, or other personal consumer reports",Problem with a credit reporting company's investigation into an existing problem,156079
Debt collection,Written notification about debt,123658
Checking or savings account,Managing an account,101421
Debt collection,Took or threatened to take negative or legal action,65471
Debt collection,False statements or representation,60520
"Money transfer, virtual currency, or money service",Other transaction problem,58878
Credit card,Problem with a purchase shown on your statement,39053
Mortgage,Trouble during payment process,35076
Student loan,Dealing with your lender or servicer,30341
Credit card,Incorrect information on your report,28077
Credit reporting or other personal consumer reports,Unable to get your credit report or credit score,25768
Credit reporting or other personal consumer reports,Problem with fraud alerts or security freezes,24898
Credit card,Problem with a company's investigation into an existing problem,24118
Checking or savings account,Closing an account,23845
Credit card,Getting a credit card,23644
"Money transfer, virtual currency, or money service",Fraud or scam,22301
Checking or savings account,Problem with a lender or other company charging your account,21602
Credit reporting or other personal consumer reports,Credit monitoring or identity theft protection services,20863
Debt collection,Communication tactics,20502
Checking or savings account,Problem caused by your funds being low,18572
Credit card,"Other features, terms, or problems",17929
Mortgage,Struggling to pay mortgage,16735
Checking or savings account,Opening an account,16316
Credit card,Fees or interest,15812
Vehicle loan or lease,Managing the loan or lease,13861
Credit card,Closing your account,11699
Credit card,Problem when making payments,10012
Vehicle loan or lease,Repossession,9918
"Money transfer, virtual currency, or money service",Unauthorized transactions or other transaction problem,8712
Student loan,Struggling to repay your loan,8416
Prepaid card,Trouble using the card,7233
Mortgage,Applying for a mortgage or refinancing an existing mortgage,7129
Credit card or prepaid card,Problem with a purchase shown on your statement,7041
Debt collection,Electronic communications,6955
Vehicle loan or lease,Getting a loan or lease,6664
Credit card,"Advertising and marketing, including promotional offers",6625
Vehicle loan or lease,Problems at the end of the loan or lease,6340
"Payday loan, title loan, personal loan, or advance loan",Charged fees or interest you didn't expect,6133
Credit card,Trouble using your card,6024
Debt collection,Threatened to contact someone or share information improperly,5378
"Money transfer, virtual currency, or money service",Money was not available when promised,5047
Mortgage,Closing on a mortgage,4991
"Money transfer, virtual currency, or money service",Trouble accessing funds in your mobile or digital wallet,4845
Credit card or prepaid card,Getting a credit card,4138
Credit reporting or other personal consumer reports,Problem with a company's investigation into an existing issue,4136
Credit card or prepaid card,Problem with a credit reporting company's investigation into an existing problem,3942
Prepaid card,Problem with a purchase or transfer,3905
"Money transfer, virtual currency, or money service","Managing, opening, or closing your mobile wallet account",3713
Vehicle loan or lease,Incorrect information on your report,3503
Vehicle loan or lease,Struggling to pay your loan,3337
Student loan,Incorrect information on your report,3216
Credit card or prepaid card,"Other features, terms, or problems",3129
"Payday loan, title loan, personal loan, or advance loan",Problem when making payments,3012
"Money transfer, virtual currency, or money service",Other service problem,2895
"Payday loan, title loan, personal loan, or advance loan",Struggling to pay your loan,2784
"Money transfer, virtual currency, or money service",Confusing or missing disclosures,2720
"Credit reporting, credit repair services, or other personal consumer reports",Unable to get your credit report or credit score,2630
Credit card or prepaid card,Fees or interest,2627
Credit card,Struggling to pay your bill,2303
Credit card or prepaid card,Problem when making payments,2146
Prepaid card,Problem getting a card or closing an account,2098
"Payday loan, title loan, personal loan, or advance loan",Getting the loan,2014
Debt or credit management,Didn't provide services promised,2002
"Payday loan, title loan, personal loan, or advance loan",Problem with the payoff process at the end of the loan,1907
Credit card,Improper use of your report,1896
Mortgage,Incorrect information on your report,1813
Credit card or prepaid card,Closing your account,1752
"Payday loan, title loan, personal loan, or advance loan",Incorrect information on your report,1747
"Payday loan, title loan, personal loan, or advance loan",Problem with additional add-on products or services,1732
Student loan,Improper use of your report,1679
"Credit reporting, credit repair services, or other personal consumer reports",Credit monitoring or identity theft protection services,1656
Prepaid card,Unexpected or other fees,1607
"Credit reporting, credit repair services, or other personal consumer reports",Problem with fraud alerts or security freezes,1575
Debt or credit management,Confusing or missing disclosures,1307
"Money transfer, virtual currency, or money service",Unexpected or other fees,1274
"Money transfer, virtual currency, or money service",Problem with customer service,1247
Credit card or prepaid card,"Advertising and marketing, including promotional offers",1232
Debt or credit management,Charged upfront or unexpected fees,1211
Credit reporting or other personal consumer reports,Identity theft protection or other monitoring services,1091
Credit card or prepaid card,Trouble using your card,1035
Debt or credit management,Problem with customer service,1015
"Payday loan, title loan, or personal loan",Charged fees or interest you didn't expect,994
Vehicle loan or lease,Problem with a company's investigation into an existing problem,986
"Payday loan, title loan, personal loan, or advance loan",Getting a line of credit,984
Student loan,Getting a loan,943
Credit card or prepaid card,Incorrect information on your report,908
Vehicle loan or lease,Improper use of your report,872
Debt or credit management,Confusing or misleading advertising or marketing,860
Student loan,Problem with a company's investigation into an existing problem,847
Credit card or prepaid card,Problem with a purchase or transfer,828
Mortgage,Problem with a company's investigation into an existing problem,818
Debt or credit management,Unauthorized withdrawals or charges,782
"Money transfer, virtual currency, or money service",Wrong amount charged or received,782
Credit card or prepaid card,Trouble using the card,700
"Credit reporting, credit repair services, or other personal consumer reports",Fraud or scam,593
"Payday loan, title loan, or personal loan",Problem when making payments,561
"Payday loan, title loan, personal loan, or advance loan",Problem with a company's investigation into an existing problem,558
"Money transfer, virtual currency, or money service",Confusing or misleading advertising or marketing,529
"Payday loan, title loan, personal loan, or advance loan",Received a loan you didn't apply for,510
"Money transfer, virtual currency, or money service",Lost or stolen money order,495
"Payday loan, title loan, or personal loan",Struggling to pay your loan,480
Checking or savings account,Incorrect information on your report,476
Credit card or prepaid card,Unexpected or other fees,451
"Payday loan, title loan, personal loan, or advance loan",Improper use of your report,447
Credit card,Credit monitoring or identity theft protection services,421
Credit card or prepaid card,Problem getting a card or closing an account,377
"Payday loan, title loan, personal loan, or advance loan",Can't contact lender or servicer,372
"Payday loan, title loan, or personal loan",Problem with the payoff process at the end of the loan,367
"Credit reporting, credit repair services, or other personal consumer reports",Problem with a company's investigation into an existing issue,363
Credit card or prepaid card,Struggling to pay your bill,359
"Payday loan, title loan, personal loan, or advance loan",Can't stop withdrawals from your bank account,357
"Money transfer, virtual currency, or money service",Problem adding money,343
Credit card or prepaid card,Improper use of your report,334
Checking or savings account,Problem with a company's investigation into an existing problem,312
"Payday loan, title loan, or personal loan",Getting the loan,306
"Payday loan, title loan, or personal loan",Getting a line of credit,292
Mortgage,Improper use of your report,279
"Payday loan, title loan, or personal loan",Incorrect information on your report,273
"Payday loan, title loan, personal loan, or advance loan",Loan payment wasn't credited to your account,273
"Payday loan, title loan, personal loan, or advance loan",Vehicle was repossessed or sold the vehicle,263
"Payday loan, title loan, personal loan, or advance loan",Issues with repayment,236
"Payday loan, title loan, personal loan, or advance loan",Money was taken from your bank account on the wrong day or for the wrong amount,227
Student loan,Credit monitoring or identity theft protection services,201
"Payday loan, title loan, or personal loan",Problem with additional add-on products or services,192
Prepaid card,Advertising,192
"Payday loan, title loan, personal loan, or advance loan","Was approved for a loan, but didn't receive the money",182
Checking or savings account,Improper use of your report,169
Credit card,Problem with fraud alerts or security freezes,169
"Credit reporting, credit repair services, or other personal consumer reports",Confusing or misleading advertising or marketing,166
Student loan,Issue with income share agreement,161
Vehicle loan or lease,Credit monitoring or identity theft protection services,156
"Credit reporting, credit repair services, or other personal consumer reports",Confusing or missing disclosures,152
Student loan,Issue where my lender is my school,151
"Credit reporting, credit repair services, or other personal consumer reports",Problem with customer service,150
"Credit reporting, credit repair services, or other personal consumer reports",Identity theft protection or other monitoring services,140
Vehicle loan or lease,Problem with a credit reporting company's investigation into an existing problem,137
"Payday loan, title loan, personal loan, or advance loan",Confusing or missing disclosures,136
"Payday loan, title loan, personal loan, or advance loan",Confusing or misleading advertising or marketing,132
"Payday loan, title loan, personal loan, or advance loan",Problems receiving the advance,125
Checking or savings account,Problem with fraud alerts or security freezes,114
"Payday loan, title loan, personal loan, or advance loan",Credit monitoring or identity theft protection services,110
"Payday loan, title loan, personal loan, or advance loan",Unexpected fees,110
"Payday loan, title loan, or personal loan",Received a loan you didn't apply for,109
"Money transfer, virtual currency, or money service","Overdraft, savings, or rewards features",105
"Payday loan, title loan, or personal loan",Improper use of your report,100
"Payday loan, title loan, personal loan, or advance loan",Problem with cash advance,100
Mortgage,Problem with a credit reporting company's investigation into an existing problem,95
Mortgage,Credit monitoring or identity theft protection services,91
Credit card,Unable to get your credit report or credit score,90
Student loan,Problem with fraud alerts or security freezes,90
Checking or savings account,Credit monitoring or identity theft protection services,88
"Money transfer, virtual currency, or money service",Lost or stolen check,81
Vehicle loan or lease,Unable to get your credit report or credit score,78
"Money transfer, virtual currency, or money service",Incorrect exchange rate,75
"Payday loan, title loan, or personal loan",Vehicle was repossessed or sold the vehicle,70
"Payday loan, title loan, personal loan, or advance loan",Vehicle was damaged or destroyed the vehicle,69
"Credit reporting, credit repair services, or other personal consumer reports",Unexpected or other fees,64
"Payday loan, title loan, personal loan, or advance loan",Credit limit changed,64
"Payday loan, title loan, or personal loan",Can't stop withdrawals from your bank account,63
Student loan,Problem with a credit reporting company's investigation into an existing problem,60
Prepaid card,Problem with overdraft,56
"Payday loan, title loan, or personal loan",Money was taken from your bank account on the wrong day or for the wrong amount,52
"Payday loan, title loan, or personal loan",Problem with a credit reporting company's investigation into an existing problem,52
"Payday loan, title loan, personal loan, or advance loan",Problem with fraud alerts or security freezes,51
"Payday loan, title loan, or personal loan",Loan payment wasn't credited to your account,48
Credit card or prepaid card,Credit monitoring or identity theft protection services,47
"Credit reporting, credit repair services, or other personal consumer reports",Excessive fees,46
"Payday loan, title loan, or personal loan",Can't contact lender or servicer,46
"Payday loan, title loan, personal loan, or advance loan","Was approved for a loan, but didn't receive money",45
"Payday loan, title loan, or personal loan","Was approved for a loan, but didn't receive the money",44
Mortgage,Unable to get your credit report or credit score,41
"Payday loan, title loan, personal loan, or advance loan",Unable to get your credit report or credit score,34
Student loan,Unable to get your credit report or credit score,31
Credit card or prepaid card,Advertising,30
Mortgage,Problem with fraud alerts or security freezes,30
"Payday loan, title loan, or personal loan",Problem with cash advance,29
Vehicle loan or lease,Problem with fraud alerts or security freezes,27
"Payday loan, title loan, or personal loan",Credit limit changed,23
Credit card or prepaid card,Problem with fraud alerts or security freezes,21
Credit card or prepaid card,Problem with overdraft,19
Checking or savings account,Problem with a credit reporting company's investigation into an existing problem,18
Credit card or prepaid card,Unable to get your credit report or credit score,18
Checking or savings account,Unable to get your credit report or credit score,17
"Payday loan, title loan, personal loan, or advance loan",Property was sold,17
"Payday loan, title loan, or personal loan",Vehicle was damaged or destroyed the vehicle,16
"Payday loan, title loan, or personal loan",Credit monitoring or identity theft protection services,14
"Payday loan, title loan, personal loan, or advance loan",Lost or stolen refund,11
Checking or savings account,Unknown,5
"Payday loan, title loan, or personal loan",Problem with fraud alerts or security freezes,5
Credit reporting or other personal consumer reports,Dealing with your lender or servicer,4
Credit reporting or other personal consumer reports,Problems at the end of the loan or lease,4
"Payday loan, title loan, or personal loan",Unable to get your credit report or credit score,4
"Payday loan, title loan, or personal loan","Was approved for a loan, but didn't receive money",4
"Payday loan, title loan, personal loan, or advance loan",Property was damaged or destroyed property,4
"Credit reporting, credit repair services, or other personal consumer reports",Getting a credit card,3
"Credit reporting, credit repair services, or other personal consumer reports",Getting a loan,3
"Credit reporting, credit repair services, or other personal consumer reports","Other features, terms, or problems",3
Credit reporting or other personal consumer reports,Getting a credit card,2
Credit reporting or other personal consumer reports,Getting a loan,2
Credit reporting or other personal consumer reports,Problem with a purchase shown on your statement,2
"Payday loan, title loan, personal loan, or advance loan",Problem with customer service,2
Credit reporting or other personal consumer reports,"Advertising and marketing, including promotional offers",1
Credit reporting or other personal consumer reports,Managing an account,1
Credit reporting or other personal consumer reports,"Other features, terms, or problems",1
Credit reporting or other personal consumer reports,Problem with a credit reporting company's investigation into an existing problem,1
Credit reporting or other personal consumer reports,Struggling to repay your loan,1
Credit reporting or other personal consumer reports,Unknown,1
"Credit reporting, credit repair services, or other personal consumer reports",Struggling to pay your loan,1
"Credit reporting, credit repair services, or other personal consumer reports",Trouble during payment process,1
"Payday loan, title loan, or personal loan",Property was sold,1
Vehicle loan or lease,Problem with credit report or credit score,1
